contractSymbol,lastTradeDate,strike,lastPrice,bid,ask,change,percentChange,volume,openInterest,impliedVolatility,inTheMoney,contractSize,currency,mid,monotonic_clean,butterfly_clean,is_clean
COST250620C00255000,2025-04-04 19:11:51+00:00,255.0,665.6,736.65,743.85,0.0,0.0,1.0,5.0,1.8288582775878903,True,REGULAR,USD,740.25,True,True,True
COST250620C00265000,2024-12-16 05:01:17+00:00,265.0,410.0,438.0,447.0,0.0,0.0,,2.0,1.0000000000000003e-05,True,REGULAR,USD,442.5,True,True,False
COST250620C00270000,2023-11-15 15:35:04+00:00,270.0,346.28,399.0,407.75,0.0,0.0,4.0,68.0,1.0000000000000003e-05,True,REGULAR,USD,403.375,True,True,False
COST250620C00280000,2023-12-19 20:34:03+00:00,280.0,410.0,0.0,0.0,0.0,0.0,4.0,2.0,1.0000000000000003e-05,True,REGULAR,USD,410.0,False,False,False
COST250620C00285000,2024-12-16 05:01:17+00:00,285.0,394.0,407.0,416.0,0.0,0.0,,2.0,1.0000000000000003e-05,True,REGULAR,USD,411.5,False,True,False
COST250620C00295000,2024-11-21 17:43:35+00:00,295.0,665.33,667.3,674.4,0.0,0.0,1.0,9.0,1.0000000000000003e-05,True,REGULAR,USD,670.8499999999999,False,False,False
COST250620C00300000,2023-12-19 14:35:25+00:00,300.0,394.0,0.0,0.0,0.0,0.0,2.0,2.0,1.0000000000000003e-05,True,REGULAR,USD,394.0,True,True,False
COST250620C00305000,2025-04-07 16:20:07+00:00,305.0,597.48,684.0,692.7,0.0,0.0,1.0,13.0,1.4775416748046877,True,REGULAR,USD,688.35,False,False,False
COST250620C00310000,2023-09-13 16:52:55+00:00,310.0,274.16,278.0,287.0,0.0,0.0,6.0,6.0,1.0000000000000003e-05,True,REGULAR,USD,282.5,True,True,False
COST250620C00315000,2025-01-24 16:34:39+00:00,315.0,633.48,741.25,748.9,0.0,0.0,1.0,0.0,3.4334120610046384,True,REGULAR,USD,745.075,False,False,False
COST250620C00325000,2025-01-27 20:52:56+00:00,325.0,642.91,723.0,732.0,0.0,0.0,1.0,0.0,3.1835042385101318,True,REGULAR,USD,727.5,True,False,False
COST250620C00330000,2025-02-04 15:39:07+00:00,330.0,681.32,701.0,708.95,0.0,0.0,1.0,0.0,2.7485993199157717,True,REGULAR,USD,704.975,True,False,False
COST250620C00335000,2025-02-06 20:52:44+00:00,335.0,718.16,629.5,636.4,0.0,0.0,1.0,1.0,1.0000000000000003e-05,True,REGULAR,USD,632.95,True,True,True
COST250620C00340000,2024-11-21 17:43:34+00:00,340.0,620.85,622.55,631.4,0.0,0.0,1.0,1.0,1.0000000000000003e-05,True,REGULAR,USD,626.9749999999999,True,True,True
COST250620C00345000,2025-03-26 14:19:36+00:00,345.0,592.0,629.25,636.9,0.0,0.0,12.0,11.0,1.0000000000000003e-05,True,REGULAR,USD,633.075,False,False,False
COST250620C00350000,2024-12-16 05:01:18+00:00,350.0,436.0,508.1,516.95,0.0,0.0,1.0,0.0,1.0000000000000003e-05,True,REGULAR,USD,512.5250000000001,True,True,False
COST250620C00355000,2025-04-10 17:06:50+00:00,355.0,604.1,633.8,642.25,0.0,0.0,1.0,1.0,1.2426795678710936,True,REGULAR,USD,638.025,False,False,False
COST250620C00360000,2024-12-16 05:01:18+00:00,360.0,370.0,407.0,415.0,0.0,0.0,1.0,0.0,1.0000000000000003e-05,True,REGULAR,USD,411.0,True,True,False
COST250620C00365000,2025-02-06 15:00:21+00:00,365.0,693.85,599.95,607.8,0.0,0.0,,1.0,1.0000000000000003e-05,True,REGULAR,USD,603.875,False,False,False
COST250620C00375000,2024-12-16 05:01:18+00:00,375.0,291.9,352.0,362.0,0.0,0.0,1.0,0.0,1.0000000000000003e-05,True,REGULAR,USD,357.0,True,True,False
COST250620C00385000,2025-04-07 17:46:04+00:00,385.0,526.25,607.45,615.2,0.0,0.0,1.0,1.0,0.975586181640625,True,REGULAR,USD,611.325,False,False,False
COST250620C00390000,2023-08-25 14:49:39+00:00,390.0,185.28,204.65,211.15,0.0,0.0,1.0,1.0,1.0000000000000003e-05,True,REGULAR,USD,207.9,True,True,False
COST250620C00395000,2025-03-26 14:27:32+00:00,395.0,542.1,579.6,587.3,0.0,0.0,22.0,25.0,1.0000000000000003e-05,True,REGULAR,USD,583.45,False,False,False
COST250620C00400000,2025-02-25 15:46:32+00:00,400.0,654.0,529.0,537.1,0.0,0.0,3.0,2.0,1.0000000000000003e-05,True,REGULAR,USD,533.05,True,True,True
COST250620C00405000,2024-12-16 05:01:18+00:00,405.0,197.85,,,0.0,0.0,,,0.0,True,REGULAR,USD,,False,True,False
COST250620C00410000,2023-12-20 16:47:38+00:00,410.0,283.44,273.15,282.0,0.0,0.0,22.0,26.0,1.0000000000000003e-05,True,REGULAR,USD,277.575,False,True,False
COST250620C00415000,2024-12-16 05:01:18+00:00,415.0,479.15,476.55,483.95,0.0,0.0,1.0,2.0,1.0000000000000003e-05,True,REGULAR,USD,480.25,False,False,False
COST250620C00420000,2023-11-16 16:21:51+00:00,420.0,197.85,264.0,273.25,0.0,0.0,,0.0,1.0000000000000003e-05,True,REGULAR,USD,268.625,True,True,False
COST250620C00425000,2024-12-16 05:01:18+00:00,425.0,490.25,473.0,481.5,0.0,0.0,1.0,2.0,1.0000000000000003e-05,True,REGULAR,USD,477.25,False,False,False
COST250620C00430000,2025-02-25 15:44:05+00:00,430.0,624.0,499.0,507.45,0.0,0.0,4.0,4.0,1.0000000000000003e-05,True,REGULAR,USD,503.225,False,True,False
COST250620C00435000,2024-12-16 05:01:18+00:00,435.0,154.11,,,0.0,0.0,,,0.0,True,REGULAR,USD,,False,True,False
COST250620C00445000,2025-04-07 17:46:02+00:00,445.0,465.0,548.4,555.75,0.0,0.0,4.0,2.0,0.9670413452148439,True,REGULAR,USD,552.075,False,True,False
COST250620C00450000,2023-10-24 19:20:23+00:00,450.0,154.11,177.05,183.7,0.0,0.0,6.0,7.0,1.0000000000000003e-05,True,REGULAR,USD,180.375,True,True,False
COST250620C00455000,2024-12-16 05:01:19+00:00,455.0,174.04,,,0.0,0.0,,,0.0,True,REGULAR,USD,,False,True,False
COST250620C00460000,2025-02-21 14:30:03+00:00,460.0,578.0,0.0,0.0,0.0,0.0,1.0,1.0,1.0000000000000003e-05,True,REGULAR,USD,578.0,False,True,False
COST250620C00465000,2024-12-16 05:01:19+00:00,465.0,286.49,373.05,381.0,0.0,0.0,1.0,11.0,1.0000000000000003e-05,True,REGULAR,USD,377.025,True,True,False
COST250620C00470000,2025-01-28 14:31:22+00:00,470.0,495.0,580.0,589.0,0.0,0.0,1.0,1.0,2.2979168528747556,True,REGULAR,USD,584.5,False,False,False
COST250620C00475000,2024-12-16 05:01:19+00:00,475.0,237.5,280.05,287.5,0.0,0.0,1.0,2.0,1.0000000000000003e-05,True,REGULAR,USD,283.775,True,True,False
COST250620C00480000,2024-12-16 05:01:19+00:00,480.0,344.14,423.65,431.0,0.0,0.0,4.0,4.0,1.0000000000000003e-05,True,REGULAR,USD,427.325,False,False,False
COST250620C00485000,2024-12-16 05:01:19+00:00,485.0,430.1,414.0,422.45,0.0,0.0,1.0,3.0,1.0000000000000003e-05,True,REGULAR,USD,418.225,True,False,False
COST250620C00490000,2023-12-20 20:36:06+00:00,490.0,208.92,206.45,213.85,0.0,0.0,4.0,2.0,1.0000000000000003e-05,True,REGULAR,USD,210.14999999999998,True,True,False
COST250620C00495000,2024-12-16 05:01:19+00:00,495.0,212.85,220.0,229.0,0.0,0.0,,4.0,1.0000000000000003e-05,True,REGULAR,USD,224.5,False,True,False
COST250620C00500000,2025-03-12 14:20:55+00:00,500.0,442.0,462.0,471.65,0.0,0.0,3.0,7.0,1.0000000000000003e-05,True,REGULAR,USD,466.825,False,False,False
COST250620C00505000,2025-04-07 15:15:30+00:00,505.0,392.85,488.2,495.2,0.0,0.0,2.0,12.0,0.7807639111328125,True,REGULAR,USD,491.7,False,False,False
COST250620C00510000,2023-12-18 18:43:30+00:00,510.0,212.85,0.0,0.0,0.0,0.0,1.0,4.0,1.0000000000000003e-05,True,REGULAR,USD,212.85,True,True,False
COST250620C00515000,2025-03-24 19:27:46+00:00,515.0,414.35,455.0,461.75,0.0,0.0,1.0,16.0,1.0000000000000003e-05,True,REGULAR,USD,458.375,False,False,False
COST250620C00520000,2025-01-06 14:32:15+00:00,520.0,406.6,0.0,0.0,0.0,0.0,1.0,2.0,1.0000000000000003e-05,True,REGULAR,USD,406.6,True,True,True
COST250620C00525000,2025-02-06 16:06:03+00:00,525.0,531.5,442.35,449.25,0.0,0.0,1.0,12.0,1.0000000000000003e-05,True,REGULAR,USD,445.8,False,False,False
COST250620C00530000,2023-12-21 16:25:11+00:00,530.0,180.1,0.0,0.0,0.0,0.0,1.0,5.0,1.0000000000000003e-05,True,REGULAR,USD,180.1,True,True,False
COST250620C00535000,2025-04-30 17:36:56+00:00,535.0,459.71,455.15,463.55,0.0,0.0,5.0,22.0,0.8710950390625,True,REGULAR,USD,459.35,False,False,False
COST250620C00540000,2024-12-16 05:01:19+00:00,540.0,347.0,390.0,399.0,0.0,0.0,15.0,6.0,1.0000000000000003e-05,True,REGULAR,USD,394.5,True,True,True
COST250620C00545000,2025-04-29 18:16:06+00:00,545.0,448.59,445.25,453.7,0.0,0.0,1.0,11.0,0.856324678955078,True,REGULAR,USD,449.475,False,False,False
COST250620C00550000,2023-12-20 17:28:59+00:00,550.0,167.62,0.0,0.0,0.0,0.0,1.0,123.0,1.0000000000000003e-05,True,REGULAR,USD,167.62,True,True,False
COST250620C00555000,2025-04-23 13:35:45+00:00,555.0,437.65,436.05,443.8,0.0,0.0,1.0,27.0,0.838746729736328,True,REGULAR,USD,439.925,False,False,False
COST250620C00560000,2025-04-17 16:25:49+00:00,560.0,432.93,434.35,441.45,0.0,0.0,1.0,9.0,0.7756370092773439,True,REGULAR,USD,437.9,True,False,False
COST250620C00565000,2025-04-28 15:41:25+00:00,565.0,415.15,428.85,434.6,0.0,0.0,1.0,16.0,0.6649203430175783,True,REGULAR,USD,431.725,True,False,False
COST250620C00570000,2023-12-26 18:51:22+00:00,570.0,158.71,0.0,0.0,0.0,0.0,2.0,28.0,1.0000000000000003e-05,True,REGULAR,USD,158.71,True,True,False
COST250620C00575000,2025-03-14 13:41:51+00:00,575.0,320.0,0.0,0.0,0.0,0.0,2.0,54.0,1.0000000000000003e-05,True,REGULAR,USD,320.0,False,False,False
COST250620C00580000,2025-03-20 19:49:04+00:00,580.0,324.65,414.85,422.75,0.0,0.0,10.0,16.0,0.7829611547851563,True,REGULAR,USD,418.8,False,False,False
COST250620C00585000,2025-04-15 19:15:48+00:00,585.0,401.35,408.65,415.95,0.0,0.0,11.0,43.0,0.6817658776855471,True,REGULAR,USD,412.29999999999995,True,False,False
COST250620C00590000,2023-12-22 18:03:26+00:00,590.0,142.98,0.0,0.0,0.0,0.0,1.0,81.0,1.0000000000000003e-05,True,REGULAR,USD,142.98,True,True,False
COST250620C00595000,2025-03-10 17:37:05+00:00,595.0,349.62,369.0,378.3,0.0,0.0,1.0,103.0,1.0000000000000003e-05,True,REGULAR,USD,373.65,False,False,False
COST250620C00600000,2025-04-03 13:34:48+00:00,600.0,358.95,395.0,401.55,0.0,0.0,1.0,21.0,0.7137479797363282,True,REGULAR,USD,398.275,False,False,False
COST250620C00605000,2025-03-31 13:51:35+00:00,605.0,329.5,388.65,394.6,0.0,0.0,2.0,72.0,0.5803264624023439,True,REGULAR,USD,391.625,True,False,False
COST250620C00610000,2023-12-22 18:52:51+00:00,610.0,130.77,0.0,0.0,0.0,0.0,2.0,127.0,1.0000000000000003e-05,True,REGULAR,USD,130.77,True,True,False
COST250620C00615000,2024-11-27 20:45:15+00:00,615.0,362.39,354.25,361.65,0.0,0.0,1.0,17.0,1.0000000000000003e-05,True,REGULAR,USD,357.95,False,False,False
COST250620C00620000,2025-03-14 14:00:46+00:00,620.0,273.65,0.0,0.0,0.0,0.0,1.0,10.0,1.0000000000000003e-05,True,REGULAR,USD,273.65,True,True,False
COST250620C00625000,2025-04-30 15:39:04+00:00,625.0,367.35,368.55,375.0,0.0,0.0,138.0,195.0,0.5620160986328125,True,REGULAR,USD,371.775,False,False,False
COST250620C00630000,2023-12-18 17:52:25+00:00,630.0,117.95,0.0,0.0,0.0,0.0,2.0,40.0,1.0000000000000003e-05,True,REGULAR,USD,117.95,True,True,False
COST250620C00635000,2025-04-28 13:31:49+00:00,635.0,349.98,356.9,365.0,0.0,0.0,1.0,40.0,0.7142362561035156,True,REGULAR,USD,360.95,False,False,False
COST250620C00640000,2025-03-14 18:31:50+00:00,640.0,274.0,0.0,0.0,0.0,0.0,4.0,19.0,1.0000000000000003e-05,True,REGULAR,USD,274.0,True,True,True
COST250620C00645000,2025-03-18 13:40:14+00:00,645.0,274.0,0.0,0.0,0.0,0.0,3.0,139.0,1.0000000000000003e-05,True,REGULAR,USD,274.0,True,True,True
COST250620C00650000,2025-04-16 17:41:02+00:00,650.0,323.34,342.2,350.05,0.0,0.0,1.0,1.0,0.6843903631591797,True,REGULAR,USD,346.125,False,False,False
COST250620C00655000,2025-03-26 15:40:55+00:00,655.0,283.35,322.35,330.2,0.0,0.0,1.0,27.0,1.0000000000000003e-05,True,REGULAR,USD,326.275,True,True,True
COST250620C00660000,2025-04-24 17:26:25+00:00,660.0,313.62,335.55,341.3,0.0,0.0,3.0,28.0,0.6022378643798829,True,REGULAR,USD,338.425,False,False,False
COST250620C00665000,2025-04-30 13:57:50+00:00,665.0,317.89,328.85,337.0,0.0,0.0,20.0,175.0,0.569340244140625,True,REGULAR,USD,332.925,True,False,False
COST250620C00670000,2023-12-21 17:07:55+00:00,670.0,85.0,0.0,0.0,0.0,0.0,4.0,45.0,1.0000000000000003e-05,True,REGULAR,USD,85.0,True,True,False
COST250620C00675000,2025-04-03 14:18:12+00:00,675.0,295.66,318.95,326.6,0.0,0.0,1.0,143.0,0.5435836657714845,True,REGULAR,USD,322.775,False,False,False
COST250620C00680000,2025-03-19 19:20:44+00:00,680.0,238.77,317.7,324.95,0.0,0.0,1.0,10.0,0.6600986138916016,True,REGULAR,USD,321.325,True,False,False
COST250620C00685000,2025-04-03 14:18:12+00:00,685.0,285.99,311.0,318.0,0.0,0.0,1.0,201.0,0.5952188916015625,True,REGULAR,USD,314.5,True,False,False
COST250620C00690000,2023-12-22 15:49:49+00:00,690.0,81.05,0.0,0.0,0.0,0.0,1.0,47.0,1.0000000000000003e-05,True,REGULAR,USD,81.05,True,True,False
COST250620C00695000,2025-03-31 17:13:54+00:00,695.0,255.0,301.1,308.0,0.0,0.0,4.0,74.0,0.5773968041992188,True,REGULAR,USD,304.55,False,False,False
COST250620C00700000,2025-04-30 13:52:11+00:00,700.0,284.3,296.2,301.05,0.0,0.0,1.0,215.0,0.5355271057128907,True,REGULAR,USD,298.625,True,True,True
COST250620C00705000,2025-04-30 17:39:00+00:00,705.0,292.45,289.5,298.2,0.0,0.0,1.0,26.0,0.5346115875244142,True,REGULAR,USD,293.85,True,False,False
COST250620C00710000,2023-12-20 19:44:14+00:00,710.0,68.57,0.0,0.0,0.0,0.0,4.0,15.0,1.0000000000000003e-05,True,REGULAR,USD,68.57,True,True,False
COST250620C00715000,2025-04-08 18:35:45+00:00,715.0,215.0,279.3,286.1,0.0,0.0,1.0,55.0,0.5824016369628906,True,REGULAR,USD,282.70000000000005,False,False,False
COST250620C00720000,2025-04-07 19:59:42+00:00,720.0,206.25,274.85,282.0,0.0,0.0,4.0,15.0,0.5940897525024414,True,REGULAR,USD,278.425,True,True,False
COST250620C00725000,2025-04-28 19:39:45+00:00,725.0,258.48,271.35,279.0,0.0,0.0,4.0,181.0,0.5382736602783205,True,REGULAR,USD,275.175,True,False,False
COST250620C00730000,2023-12-19 20:59:18+00:00,730.0,65.05,0.0,0.0,0.0,0.0,3.0,35.0,1.0000000000000003e-05,True,REGULAR,USD,65.05,True,True,False
COST250620C00735000,2025-04-07 19:55:35+00:00,735.0,193.15,261.5,268.95,0.0,0.0,8.0,33.0,0.5204820901489257,True,REGULAR,USD,265.225,False,False,False
COST250620C00740000,2025-04-07 19:59:42+00:00,740.0,187.11,256.35,264.3,0.0,0.0,4.0,25.0,0.513554669189453,True,REGULAR,USD,260.32500000000005,True,False,False
COST250620C00745000,2025-04-28 14:53:43+00:00,745.0,242.0,250.55,257.2,0.0,0.0,5.0,39.0,0.5477645321655275,True,REGULAR,USD,253.875,True,False,False
COST250620C00750000,2023-12-22 20:19:51+00:00,750.0,53.17,0.0,0.0,0.0,0.0,3.0,17.0,1.0000000000000003e-05,True,REGULAR,USD,53.17,True,True,False
COST250620C00755000,2025-04-17 14:38:56+00:00,755.0,231.74,241.75,248.55,0.0,0.0,2.0,50.0,0.5545088494873047,True,REGULAR,USD,245.15,False,False,False
COST250620C00760000,2025-04-16 19:31:39+00:00,760.0,212.35,238.0,245.0,0.0,0.0,3.0,45.0,0.5029346582031251,True,REGULAR,USD,241.5,True,False,False
COST250620C00765000,2025-03-24 19:25:40+00:00,765.0,172.07,211.65,216.55,0.0,0.0,1.0,12.0,1.0000000000000003e-05,True,REGULAR,USD,214.10000000000002,True,True,True
COST250620C00770000,2025-04-07 13:30:28+00:00,770.0,146.28,226.6,232.75,0.0,0.0,2.0,1.0,0.5087329400634766,True,REGULAR,USD,229.675,False,False,False
COST250620C00775000,2025-04-07 18:54:47+00:00,775.0,159.05,222.0,228.75,0.0,0.0,5.0,11.0,0.5170946728515625,True,REGULAR,USD,225.375,True,False,False
COST250620C00780000,2025-04-09 17:10:17+00:00,780.0,161.5,217.15,223.9,0.0,0.0,9.0,66.0,0.5095263891601562,True,REGULAR,USD,220.525,True,False,False
COST250620C00785000,2025-04-08 19:36:46+00:00,785.0,148.85,212.0,219.05,0.0,0.0,4.0,27.0,0.5018970709228516,True,REGULAR,USD,215.525,True,False,False
COST250620C00790000,2025-04-17 16:01:39+00:00,790.0,207.81,207.25,213.55,0.0,0.0,1.0,1.0,0.4831594653320313,True,REGULAR,USD,210.4,True,True,False
COST250620C00795000,2025-04-30 13:30:09+00:00,795.0,200.0,202.5,209.55,0.0,0.0,1.0,17.0,0.48969016174316415,True,REGULAR,USD,206.025,True,True,False
COST250620C00800000,2025-04-30 13:30:06+00:00,800.0,196.55,198.4,205.35,0.0,0.0,1.0,558.0,0.4919484399414063,True,REGULAR,USD,201.875,True,True,False
COST250620C00805000,2025-04-14 19:30:49+00:00,805.0,192.17,194.75,201.3,0.0,0.0,2.0,61.0,0.49564102996826176,True,REGULAR,USD,198.025,True,False,False
COST250620C00810000,2023-12-22 18:20:22+00:00,810.0,33.0,0.0,0.0,0.0,0.0,5.0,9.0,1.0000000000000003e-05,True,REGULAR,USD,33.0,True,True,False
COST250620C00815000,2025-04-24 14:46:56+00:00,815.0,170.5,183.95,189.8,0.0,0.0,1.0,56.0,0.45261167510986333,True,REGULAR,USD,186.875,False,False,False
COST250620C00820000,2025-04-07 14:01:04+00:00,820.0,114.7,180.85,185.55,0.0,0.0,3.0,100.0,0.45337460693359377,True,REGULAR,USD,183.2,True,False,False
COST250620C00825000,2025-04-21 19:24:16+00:00,825.0,142.52,176.05,182.55,0.0,0.0,5.0,79.0,0.4703422106933594,True,REGULAR,USD,179.3,True,False,False
COST250620C00830000,2025-04-15 13:33:06+00:00,830.0,166.6,170.15,176.7,0.0,0.0,5.0,10.0,0.4484308087158203,True,REGULAR,USD,173.425,True,True,False
COST250620C00835000,2025-04-22 14:49:54+00:00,835.0,165.0,164.9,171.55,0.0,0.0,1.0,195.0,0.4359187268066406,True,REGULAR,USD,168.22500000000002,True,True,False
COST250620C00840000,2025-04-22 16:45:34+00:00,840.0,159.53,161.85,167.6,0.0,0.0,1.0,132.0,0.43887890228271487,True,REGULAR,USD,164.725,True,False,False
COST250620C00845000,2025-04-23 19:50:00+00:00,845.0,145.35,157.1,164.8,0.0,0.0,1.0,198.0,0.4547173669433594,True,REGULAR,USD,160.95,True,False,False
COST250620C00850000,2025-04-29 16:27:30+00:00,850.0,148.12,151.75,156.8,0.0,0.0,1.0,5.0,0.40761395614624024,True,REGULAR,USD,154.275,True,True,False
COST250620C00855000,2025-04-14 16:11:02+00:00,855.0,140.05,146.65,154.3,0.0,0.0,1.0,86.0,0.426885614013672,True,REGULAR,USD,150.47500000000002,True,False,False
COST250620C00860000,2025-04-28 14:36:44+00:00,860.0,133.59,143.7,148.8,0.0,0.0,1.0,151.0,0.41022318298339844,True,REGULAR,USD,146.25,True,False,False
COST250620C00865000,2025-04-29 15:37:21+00:00,865.0,136.64,137.65,144.25,0.0,0.0,80.0,291.0,0.40442490112304685,True,REGULAR,USD,140.95,True,True,False
COST250620C00870000,2025-04-29 14:46:42+00:00,870.0,129.2,133.2,139.6,0.0,0.0,2.0,8.0,0.39731437652587887,True,REGULAR,USD,136.39999999999998,True,False,False
COST250620C00875000,2025-04-29 14:15:17+00:00,875.0,124.12,127.05,134.7,0.0,0.0,1.0,75.0,0.3873657455444336,True,REGULAR,USD,130.875,True,True,False
COST250620C00880000,2025-04-30 14:23:23+00:00,880.0,116.73,125.3,130.8,0.0,0.0,2.0,342.0,0.3878235046386719,True,REGULAR,USD,128.05,True,False,False
COST250620C00885000,2025-04-28 17:13:57+00:00,885.0,107.04,121.3,126.9,0.0,0.0,2.0,89.0,0.38767091827392575,True,REGULAR,USD,124.1,True,False,False
COST250620C00890000,2025-05-01 13:30:10+00:00,890.0,114.88,117.4,121.8,6.5099945,6.007192,1.0,252.0,0.37525038818359374,True,REGULAR,USD,119.6,True,True,False
COST250620C00895000,2025-04-25 16:19:27+00:00,895.0,95.82,112.75,117.45,0.0,0.0,5.0,141.0,0.37007771041870113,True,REGULAR,USD,115.1,True,True,False
COST250620C00900000,2025-04-30 14:57:56+00:00,900.0,106.78,109.15,114.0,1.6299973,1.5501637,1.0,337.0,0.3729921099853516,True,REGULAR,USD,111.575,True,False,False
COST250620C00905000,2025-04-30 14:58:15+00:00,905.0,101.05,104.95,110.15,0.0,0.0,4.0,412.0,0.3715577981567383,True,REGULAR,USD,107.55000000000001,True,False,False
COST250620C00910000,2025-04-30 16:30:19+00:00,910.0,98.12,100.7,105.8,0.0,0.0,36.0,202.0,0.36525598129272463,True,REGULAR,USD,103.25,True,False,False
COST250620C00915000,2025-04-29 19:52:18+00:00,915.0,96.7,95.7,101.6,0.0,0.0,4.0,120.0,0.35997649307250973,True,REGULAR,USD,98.65,True,True,False
COST250620C00920000,2025-05-01 13:30:10+00:00,920.0,90.9,92.85,97.05,-2.449997,-2.6245282,1.0,325.0,0.35143165664672843,True,REGULAR,USD,94.94999999999999,True,False,False
COST250620C00925000,2025-04-30 19:20:53+00:00,925.0,89.46,88.75,92.8,0.0,0.0,1.0,268.0,0.34517561569213867,True,REGULAR,USD,90.775,True,False,False
COST250620C00930000,2025-04-29 19:50:03+00:00,930.0,84.95,83.2,89.1,0.0,0.0,6.0,163.0,0.3430394065856933,True,REGULAR,USD,86.15,True,True,False
COST250620C00935000,2025-04-28 19:38:33+00:00,935.0,72.19,81.25,85.65,0.0,0.0,1.0,20.0,0.34239854385375973,True,REGULAR,USD,83.45,True,False,False
COST250620C00940000,2025-04-30 19:53:56+00:00,940.0,81.92,75.65,82.05,0.0,0.0,12.0,412.0,0.34003345520019534,True,REGULAR,USD,78.85,True,True,False
COST250620C00945000,2025-04-30 17:22:27+00:00,945.0,73.63,73.45,78.9,0.0,0.0,2.0,891.0,0.34059802474975587,True,REGULAR,USD,76.17500000000001,True,True,False
COST250620C00950000,2025-05-01 13:37:32+00:00,950.0,73.71,71.55,75.6,4.1900024,6.027046,2.0,95.0,0.33943836837768554,True,REGULAR,USD,73.57499999999999,True,False,False
COST250620C00955000,2025-04-30 19:21:25+00:00,955.0,67.75,68.2,72.25,0.0,0.0,2.0,125.0,0.3373784524536133,True,REGULAR,USD,70.225,True,False,False
COST250620C00960000,2025-04-30 15:47:00+00:00,960.0,63.1,63.55,66.75,0.0,0.0,10.0,674.0,0.3193580027770995,True,REGULAR,USD,65.15,True,True,False
COST250620C00965000,2025-04-30 16:50:54+00:00,965.0,61.0,60.45,64.0,0.0,0.0,2.0,390.0,0.3207770559692382,True,REGULAR,USD,62.225,True,False,False
COST250620C00970000,2025-05-01 13:30:02+00:00,970.0,57.0,56.9,61.1,-1.7000008,-2.896083,1.0,58.0,0.3205024005126953,True,REGULAR,USD,59.0,True,False,False
COST250620C00975000,2025-04-30 19:50:10+00:00,975.0,56.8,53.5,57.9,0.0,0.0,3.0,73.0,0.31757274230957033,True,REGULAR,USD,55.7,True,True,False
COST250620C00980000,2025-05-01 13:37:04+00:00,980.0,54.07,50.45,54.6,1.3699989,2.5996184,11.0,681.0,0.31343765182495115,True,REGULAR,USD,52.525000000000006,True,False,False
COST250620C00985000,2025-04-30 17:30:01+00:00,985.0,48.7,46.95,50.15,0.0,0.0,7.0,409.0,0.30093319923400885,True,REGULAR,USD,48.55,True,True,False
COST250620C00990000,2025-05-01 13:37:05+00:00,990.0,49.2,44.0,48.4,1.0499992,2.1806836,2.0,93.0,0.3062813513183594,True,REGULAR,USD,46.2,True,False,False
COST250620C00995000,2025-05-01 13:30:01+00:00,995.0,43.0,41.9,44.75,-2.4000015,-5.286347,2.0,77.0,0.2981637567138671,True,REGULAR,USD,43.325,True,True,False
COST250620C01000000,2025-05-01 13:39:54+00:00,1000.0,42.11,40.0,42.6,-0.040000916,-0.09490134,5.0,1375.0,0.2995980685424804,False,REGULAR,USD,41.3,True,False,False
COST250620C01005000,2025-04-30 19:46:52+00:00,1005.0,39.5,37.4,39.8,0.0,0.0,19.0,600.0,0.2960580648803711,False,REGULAR,USD,38.599999999999994,True,True,False
COST250620C01010000,2025-04-30 13:40:23+00:00,1010.0,29.27,34.8,37.2,0.0,0.0,1.0,33.0,0.29325047576904284,False,REGULAR,USD,36.0,True,False,False
COST250620C01015000,2025-04-30 18:02:18+00:00,1015.0,32.8,32.15,34.6,0.0,0.0,3.0,31.0,0.2898172825622558,False,REGULAR,USD,33.375,True,False,False
COST250620C01020000,2025-04-30 18:59:45+00:00,1020.0,29.37,28.95,32.3,0.0,0.0,113.0,592.0,0.28780314254760736,False,REGULAR,USD,30.625,True,True,False
COST250620C01025000,2025-04-30 16:45:11+00:00,1025.0,27.65,27.85,30.15,0.0,0.0,7.0,441.0,0.2861857270812988,False,REGULAR,USD,29.0,True,False,False
COST250620C01030000,2025-04-30 15:20:37+00:00,1030.0,24.45,25.85,28.0,0.0,0.0,1.0,25.0,0.28392744888305654,False,REGULAR,USD,26.925,True,False,False
COST250620C01035000,2025-04-29 19:39:10+00:00,1035.0,22.5,23.1,25.8,0.0,0.0,2.0,8.0,0.28066210067749015,False,REGULAR,USD,24.450000000000003,True,True,False
COST250620C01040000,2025-05-01 13:30:44+00:00,1040.0,21.7,21.3,23.4,-1.7999992,-7.659571,1.0,1428.0,0.2752452847290039,False,REGULAR,USD,22.35,True,True,False
COST250620C01045000,2025-04-30 17:53:04+00:00,1045.0,21.5,19.25,21.7,0.0,0.0,2.0,10.0,0.27416192153930663,False,REGULAR,USD,20.475,True,True,False
COST250620C01050000,2025-05-01 13:30:44+00:00,1050.0,18.72,18.3,20.15,-1.0799999,-5.4545455,2.0,87.0,0.27353631744384765,False,REGULAR,USD,19.225,True,False,False
COST250620C01055000,2025-04-28 19:20:36+00:00,1055.0,13.55,16.9,18.45,0.0,0.0,3.0,12.0,0.271140711517334,False,REGULAR,USD,17.674999999999997,True,True,False
COST250620C01060000,2025-04-30 19:20:50+00:00,1060.0,16.25,15.75,17.5,0.0,0.0,365.0,680.0,0.2739177833557129,False,REGULAR,USD,16.625,True,False,False
COST250620C01065000,2025-04-30 19:49:50+00:00,1065.0,15.12,14.25,15.65,0.0,0.0,76.0,136.0,0.2689434678649902,False,REGULAR,USD,14.95,True,True,False
COST250620C01070000,2025-04-30 15:17:31+00:00,1070.0,12.06,12.2,15.15,0.0,0.0,3.0,61.0,0.27436028381347655,False,REGULAR,USD,13.675,True,True,False
COST250620C01075000,2025-04-30 19:50:46+00:00,1075.0,13.29,12.05,13.35,0.0,0.0,2.0,45.0,0.2683331224060058,False,REGULAR,USD,12.7,True,False,False
COST250620C01080000,2025-04-30 19:59:44+00:00,1080.0,11.99,10.3,12.15,0.0,0.0,11.0,815.0,0.26662415512084964,False,REGULAR,USD,11.225000000000001,True,False,False
COST250620C01100000,2025-05-01 13:34:00+00:00,1100.0,8.3,7.35,8.2,0.3000002,3.7500024,6.0,1001.0,0.26082587326049805,False,REGULAR,USD,7.7749999999999995,True,True,False
COST250620C01120000,2025-04-30 18:28:23+00:00,1120.0,5.2,4.75,5.7,-0.07000017,-1.3282765,1.0,480.0,0.2603833728027344,False,REGULAR,USD,5.225,True,True,False
COST250620C01140000,2025-04-30 14:18:53+00:00,1140.0,2.66,2.77,4.0,0.0,0.0,2.0,536.0,0.26190923645019537,False,REGULAR,USD,3.385,True,True,True
COST250620C01160000,2025-04-30 18:37:32+00:00,1160.0,2.18,1.92,2.82,0.0,0.0,11.0,2041.0,0.2643201010131836,False,REGULAR,USD,2.37,True,True,True
COST250620C01180000,2025-04-29 17:10:17+00:00,1180.0,1.22,0.77,2.8,0.0,0.0,3.0,325.0,0.28635357208251955,False,REGULAR,USD,1.785,True,True,True
COST250620C01200000,2025-04-30 19:49:40+00:00,1200.0,1.49,0.9,1.5,0.0,0.0,2.0,1097.0,0.27332269653320307,False,REGULAR,USD,1.2,True,True,False
COST250620C01220000,2025-04-30 14:39:08+00:00,1220.0,0.63,0.16,1.5,0.0,0.0,1.0,272.0,0.29273168212890616,False,REGULAR,USD,0.83,True,True,False
COST250620C01240000,2025-04-30 13:33:58+00:00,1240.0,0.45,0.03,1.4,0.0,0.0,3.0,84.0,0.30799031860351556,False,REGULAR,USD,0.715,True,False,False
COST250620C01260000,2025-04-29 15:27:27+00:00,1260.0,0.46,0.0,0.95,0.0,0.0,1.0,2824.0,0.3067085931396484,False,REGULAR,USD,0.475,True,True,True
COST250620C01280000,2025-04-30 13:33:58+00:00,1280.0,0.7,0.0,1.15,0.0,0.0,1.0,87.0,0.3332586206054688,False,REGULAR,USD,0.575,True,False,False
COST250620C01300000,2025-04-28 13:46:10+00:00,1300.0,0.3,0.0,0.0,0.0,0.0,2.0,401.0,0.12500875,False,REGULAR,USD,0.3,True,True,False
COST250620C01320000,2025-04-10 18:42:42+00:00,1320.0,0.47,0.0,1.12,0.0,0.0,1.0,356.0,0.36524072265625,False,REGULAR,USD,0.56,True,False,False
COST250620C01340000,2025-04-24 16:41:48+00:00,1340.0,0.6,0.0,0.78,0.0,0.0,16.0,837.0,0.36206692626953124,False,REGULAR,USD,0.39,True,True,False
COST250620C01360000,2025-04-28 19:51:59+00:00,1360.0,0.25,0.0,0.75,0.0,0.0,4.0,192.0,0.37525038818359374,False,REGULAR,USD,0.375,True,True,False
COST250620C01380000,2025-04-29 15:45:38+00:00,1380.0,0.15,0.0,0.72,0.0,0.0,1.0,76.0,0.3878235046386719,False,REGULAR,USD,0.36,True,True,False
COST250620C01400000,2025-04-29 17:42:31+00:00,1400.0,0.25,0.01,1.05,0.0,0.0,1.0,141.0,0.42365078308105464,False,REGULAR,USD,0.53,True,True,False
COST250620C01420000,2025-04-15 15:24:42+00:00,1420.0,0.35,0.0,1.43,0.0,0.0,25.0,175.0,0.4585015087890626,False,REGULAR,USD,0.715,True,False,False
COST250620C01440000,2025-03-05 14:30:43+00:00,1440.0,1.5,0.0,0.99,0.0,0.0,3.0,12.0,0.4489801196289062,False,REGULAR,USD,0.495,True,True,False
COST250620C01460000,2025-03-31 18:08:43+00:00,1460.0,0.1,0.0,0.64,0.0,0.0,1.0,20.0,0.43726148681640625,False,REGULAR,USD,0.32,True,True,False
COST250620C01480000,2025-04-02 17:02:51+00:00,1480.0,0.16,0.01,0.62,0.0,0.0,1.0,47.0,0.44873598144531246,False,REGULAR,USD,0.315,True,False,False
COST250620C01500000,2025-04-25 19:02:54+00:00,1500.0,0.1,0.05,0.29,0.0,0.0,2.0,537.0,0.422857333984375,False,REGULAR,USD,0.16999999999999998,True,True,True
